label,F1-score
1-Benz,0.7346938775510204
2-Hex,0.8461538461538461
3-Ethyl,0.9253731343283584
4-Rose,0.68
5-Lem,0.7540983606557378
6-Ger,0.5666666666666667
7-Cit,0.4799999999999999
8-Van,0.7924528301886793
